id,Cultivar_Name,P,feature
0,YR91-24-7,Palgweng, 
1,YR91-24-7,Sigadis x TNI*3, 
2,YR6729,Etznan126, 
3,YR6729,Hukuhikari, 
4,YR4811-Acp8,YR4565, 
5,YR4811-Acp8,Milyang64, 
6,YR4565,Samnambyeo, 
7,YR4565,HR1702-65-3-4, 
8,YR4200,Wasetoramochi, 
9,YR4200,Hukunishiki, 
10,Sambeagbyeo,YR3818, 
11,Sambeagbyeo,YR3810, 
12,YR3818,Koshihikari, 
13,YR3818,YR2406-2-1-1, 
14,YR3810,Hokuriku, 
15,YR3810,Cheolweon29, 
16,YR3299-34-2-2,Suweon261 x IR29, 
17,YR3299-34-2-2,Milyang23 x Cheongcheongbyeo, 
18,YR28322,Dongjin1, 
19,YR28322,Hanmaeum, 
20,YR25779 x Koshihikari,YR25779, 
21,YR25779 x Koshihikari,Koshihikari, 
22,YR25779,YR21247-B-B-B-49-1, 
23,YR25779,Sasanishiki BL4, 
24,YR24982-9-1,Ilpumbyeo,ILPUMBYEO*7
25,YR24982-9-1,Shinkwang,ILPUMBYEO*7
26,YR23517Acp79,Hwacheongbyeo, 
27,YR23517Acp79,Sangjuchalbyeo, 
28,YR22838 x Dasanbyeo,YR22838, 
29,YR22838 x Dasanbyeo,Dasanbyeo, 
30,YR22838,YR18241-B-B-B-47-1, 
31,YR22838,YR18241-B-B-162-1-1, 
32,YR22791,YR18241-B-B-115-1-1, 
33,YR22791,IR50, 
34,YR22722-B-B-B-25-1 x Cheongmu,YR22722-B-B-B-25-1, 
35,YR22722-B-B-B-25-1 x Cheongmu,Cheongmu, 
36,YR22722-B-B-B-25-1,YR20649-B-B-B-GH2, 
37,YR22722-B-B-B-25-1,YR20646-71-GH1, 
38,YR22517-Acp79(ge),Hwacheongbyeo, 
39,YR21556,Nakdongbyeo, 
40,YR21556,YR21279, 
41,YR21279,YR20635, 
42,YR21279,Nakdongbyeo, 
43,YR21258-GH3,Milyang64,Junam*4
44,YR21258-GH3,Junam,Junam*4
45,YR21247-B-B-B-49-1 x Sasanishiki BL4,YR21247-B-B-B-49-1, 
46,YR21247-B-B-B-49-1 x Sasanishiki BL4,Sasanishiki BL4, 
47,YR21247-B-B-B-49-1,Junam,JUNAM*3
48,YR21247-B-B-B-49-1,Koshihikari,JUNAM*3
49,YR20649-B-B-B-GH2,Junam,MANMI*2
50,YR20649-B-B-B-GH2,Daesanbyeo,MANMI*2
51,YR20646-71-GH1,YR019300F2, 
52,YR20646-71-GH1,Junam, 
53,YR19105-Acp222,YR18627, 
54,YR19105-Acp222,Hwayeongbyeo, 
55,YR18627,YR16512-B-B-B, 
56,YR18627,YR17545, 
57,YR18241-B-B-B-47-1,IR66738, 
58,YR18241-B-B-B-47-1,Gayabyeo, 
59,YR18241-B-B-47-1 x YR18241-B-B-210-1,YR18241-B-B-47-1, 
60,YR18241-B-B-47-1 x YR18241-B-B-210-1,YR18241-B-B-210-1, 
61,YR18241-B-B-47-1,IR66160-118-1-2, 
62,YR18241-B-B-47-1,Gayabyeo, 
63,YR18241-B-B-210-1,IR66160-118-1-2, 
64,YR18241-B-B-210-1,Gayabyeo, 
65,YR18241-B-B-162-1-1,IR66738, 
66,YR18241-B-B-162-1-1,Gayabyeo, 
67,YR18241-B-B-115-1-1,IR66738-118-1-2, 
68,YR18241-B-B-115-1-1,Gayabyeo, 
69,YR18114-Acp19,Hoanbyeo, 
70,YR18114-Acp19,YR13616-Acp1, 
71,YR18009-Acp60,YR16465-Acp2, 
72,YR18009-Acp60,Ilpumbyeo, 
73,YR17545,YR17309, 
74,YR17545,YR17260, 
75,YR17309,IR66738-118-1-2, 
76,YR17309,Hwayeongbyeo, 
77,YR17260,IR70511 F2, 
78,YR17260,Ilpumbyeo, 
79,YR17082-R-R-B-4-2,Milyang95, 
80,YR17082-R-R-B-4-2,SHEN NEUG 89-366, 
81,YR16512-B-B-B,Shennong89-366, 
82,YR16512-B-B-B,SR13904, 
83,YR16465-Acp2,Suweon366, 
84,YR16465-Acp2,Hwayeongbyeo, 
85,YR16365-Acp13 x Sindongjin,YR16365-Acp13, 
86,YR16365-Acp13 x Sindongjin,Sindongjin, 
87,YR15664-Acp1,Hwayeongbyeo, 
88,YR15664-Acp1,YR13616-Acp1, 
89,YR13616-Acp1,Hwayeongbyeo, 
90,YR13616-Acp1,Ou329 x YR7632-Acp19, 
91,YR13604-Acp22,Hwayeongbyeo, 
92,YR13604-Acp22,YR12894, 
93,YR12894,Calrose, 
94,YR12894,Kinuhikari, 
95,YR12733-B-B-5-1,Yeungnam, 
96,YR12733-B-B-5-1,Iri380 x Milyang95, 
97,Youngjin,YR22722-B-B-B-25-1 x Cheongmu, 
98,Youngjin,Saenuri, 
99,Yongmunbyeo,Taebaekbyeo, 
100,Yongmunbyeo,Milyang29, 
101,Yongjubyeo x Dasanbyeo,Yongjubyeo, 
102,Yongjubyeo x Dasanbyeo,Dasanbyeo, 
103,Yongjubyeo,SR9373-71-3, 
104,Yongjubyeo,Pungsanbyeo, 
105,Yeongwoo,SR25848-C99-1-2-1, 
106,Yeongwoo,Yongmunbyeo, 
107,Yeongpung,Milyang23,Milyang23*2
108,Yeongpung,IR2061,Milyang23*2
109,Yeongnambyeo,Dongjinbyeo x Hokuriku111, 
110,Yeongnambyeo,Dongjinbyeo x Saikai152, 
111,Yeongdeog44 x Cheongho,Cheongho, 
112,Yeongdeog44 x Cheongho,Yeongdeog44, 
113,Yeongdeog44,Haepyeong, 
114,Yeongdeog44,Koshihikari, 
115,Yeongdeog35,YR15664-Acp1, 
116,Yeongdeog35,Sobi, 
117,Pungmi,Hwayeongbyeo, 
118,Pungmi,Kinuhikari, 
119,Samdeog,YR12733-B-B-5-1, 
120,Samdeog,Hwayeongbyeo, 
121,Yeongdeog31,Iri412, 
122,Yeongdeog31,Hwasambyeo, 
123,Yeongbo,Yeongdeog35, 
124,Yeongbo,Saegyewha, 
125,Yechan,Hopum, 
126,Yechan,Haepum, 
127,Wasetoramochi x EESD.7,Wasetoramochi, 
128,Wasetoramochi x EESD.7,EESD.7, 
129,Wasetoramochi,Chunggyena8 x Fujiminori, 
130,Wasetoramochi,Shimokita, 
131,Unkwang x YR25779,Unkwang, 
132,Unkwang x YR25779,YR25779, 
133,Unkwang x Koshihikari,Unkwang, 
134,Unkwang x Koshihikari,Koshihikari, 
135,Unkwang,Sobi, 
136,Unkwang,Cheolweon54, 
137,unilchal,Unkwang, 
138,unilchal,Sangjuchalbyeo, 
139,Jopyeong,HR16683-46-3-1, 
140,Jopyeong,HR18129-B-16-1-4, 
141,Unmi,Samcheonbyeo, 
142,Unmi,HR17870, 
143,Unbong36 x Jinbuchalbyeo,Unbong36, 
144,Unbong36 x Jinbuchalbyeo,Jinbuchalbyeo, 
145,Unbong36,HR14073, 
146,Unbong36,Suweon416, 
147,Unbong31,Sobi, 
148,Unbong31,Cheolweon54, 
149,Unbong17,Conga, 
150,Unbong17,Chugwang x Hukkei123, 
151,Unbaekchal,Unbong36 x Jinbuchalbyeo, 
152,Unbaekchal,Unkwang, 
153,Tohoku194,Kokonoemochi, 
154,Tohoku194,Tachimimochi, 
155,Tohoku149,Chubu57, 
156,Tohoku149,Tachimimochi, 
157,Todorokiwase x Fuji170,Todorokiwase, 
158,Todorokiwase x Fuji170,Fuji170, 
159,Todorokiwase,Shuu921, 
160,Todorokiwase,Honengwase, 
161,Tamjinbyeo x Sinseonchalbyeo*2,Tamjinbyeo,SINSEONCHALBYEO*2
162,Tamjinbyeo x Sinseonchalbyeo*2,Sinseonchalbyeo,SINSEONCHALBYEO*2
163,Tamjinbyeo,HR1591, 
164,Tamjinbyeo,HR1590, 
165,Taeseongbyeo,SR13390-13-3-5-2, 
166,Taeseongbyeo,Jinbubyeo, 
167,Taebaekbyeo,IR24*2, 
168,Taebaekbyeo,IR747, 
169,Dasanbyeo,Yongmunbyeo, 
170,Dasanbyeo,Yongjubyeo, 
171,Hwaseonchalbyeo x Shinseonchalbyeo,Hwaseonchalbyeo, 
172,Hwaseonchalbyeo x Shinseonchalbyeo,Shinseonchalbyeo, 
173,Hwaseonchalbyeo,Milyang64, 
174,Hwaseonchalbyeo,Sinseonchalbyeo, 
175,Juanbyeo x Jakwangdo,Juanbyeo, 
176,Juanbyeo x Jakwangdo,Jakwangdo, 
177,Juanbyeo,Seolhyang x Koshihikari, 
178,Juanbyeo,Samnambyeo, 
179,Suweon334,Manseogbyeo, 
180,Suweon334,Baegyangbyeo, 
181,Suweon261 x IR29,Suweon261, 
182,Suweon261 x IR29,IR29, 
183,Suweon547,Hwayeongbyeo,HWAYEONGBYEO*2
184,Suweon547,Jangwang,HWAYEONGBYEO*2
185,Suweon545,Ilpumbyeo,ILPUMBYEO*4
186,Suweon545,Geumreungaengmi,ILPUMBYEO*4
187,Suweon544,Junam, 
188,Suweon544,Gillimsujip1ho, 
189,Suweon534,Pungmi, 
190,Suweon534,Iksan456 x SR21097-B-B-19-2-2, 
191,Namil,Ilpumbyeo, 
192,Namil,Namyang7, 
193,Geuman,SR11878-14-4-1, 
194,Geuman,Suweon345, 
195,Andabyeo x IR71190-45-2-1,IR71190-45-2-1, 
196,Andabyeo x IR71190-45-2-1,Andabyeo, 
197,Suweon366,Aichi37, 
198,Suweon366,Cheonmabyeo, 
199,Suweon361,SR4084, 
200,Suweon361,Sasanishiki, 
201,Suweon357,Milyang64, 
202,Suweon357,Sinseonchalbyeo, 
203,Ilpumbyeo x Iri396,Ilpumbyeo, 
204,Ilpumbyeo x Iri396,Iri396, 
205,Suweon345,Suweon224 x Inabawase, 
206,Suweon345,Seolagbyeo, 
207,Suweon329,Watariku213, 
208,Suweon329,Dohuku34, 
209,Suweon302,BL7, 
210,Suweon302,Nongbaeg, 
211,Suweon295-SV3,Fuji280, 
212,Suweon295-SV3,BL1, 
213,Suweon264 x (IR8866 x Milyang29),Suweon264, 
214,Suweon264 x (IR8866 x Milyang29),IR8866 x Milyang29, 
215,Suweon264,IR1317B1-27-2 x Suweon228, 
216,Suweon264,IR24, 
217,Suweon231,Jinheung, 
218,Suweon231,2*IR262, 
219,Suweon229,Suweon264 x IR5533, 
220,Suweon229,Suweon268, 
221,Suweon224 x Inabawase,Suweon224, 
222,Suweon224 x Inabawase,Inabawase, 
223,Suweon216 x IR29,Suweon216, 
224,Suweon216 x IR29,IR29, 
225,Suweon152,Ssangyeop, 
226,Suweon152,Iljin, 
227,Sujeong,Milyang23, 
228,Sujeong,Suweon261 x IR29, 
229,SRR4084-5-4-5-5,BL7, 
230,SRR4084-5-4-5-5,Nongbaeg, 
231,SRR10249-270,SR6025, 
232,SRR10249-270,SR821-234, 
233,SR9845,Todorokiwase,IR262*2
234,SR9845,SR4085,IR262*2
235,SR9373-71-3,SR9119, 
236,SR9373-71-3,Suweon264, 
237,SR9119,IR5533-56, 
238,SR9119,Milyang29, 
239,SR8102-127-5-1-1-1,SR821-234-2-2G7-2, 
240,SR8102-127-5-1-1-1,IR5533, 
241,SR6025,Milyang29, 
242,SR6025,Milyang30, 
243,SR4085 x Todorokiwase,SR4085, 
244,SR4085 x Todorokiwase,Todorokiwase, 
245,SR4085 x Shimokita,SR4085, 
246,SR4085 x Shimokita,Shimokita, 
247,SR4085,Fuji280,IR262*2
248,SR4085,Cs-54,IR262*2
249,SR4084,BL7, 
250,SR4084,Nongbaeg, 
251,SR32210,SR30064, 
252,SR32210,SR30061, 
253,SR32209,SR30064, 
254,SR32209,SR30062, 
255,SR31206-12,Unkwang, 
256,SR31206-12,SR30075, 
257,SR30075-2-1-21-2-2-1,Mangeumbyeo,MANGEUMBYEO*3
258,SR30075-2-1-21-2-2-1,IRBB57,MANGEUMBYEO*3
259,SR30075-1-12-1-1-6-1-1 x Hopum*3,Hopum,HOPUM*3
260,SR30075-1-12-1-1-6-1-1 x Hopum*3,SR30075-1-12-1-1-6-1-1,HOPUM*3
261,SR30075-1-12-1-1-6-1-1,Mangeumbyeo,MANGEUMBYEO*4
262,SR30075-1-12-1-1-6-1-1,IRBB57,MANGEUMBYEO*4
263,SR30075,Mangeumbyeo,MANGEUMBYEO*3
264,SR30075,IRBB57,MANGEUMBYEO*3
265,SR30064-B2-B1-B8-20-2-1-61-21,Jinbubyeo,JINBUBYEO*4
266,SR30064-B2-B1-B8-20-2-1-61-21,IRBB57,JINBUBYEO*4
267,SR30064,Jinbubyeo, 
268,SR30064,IRBB57, 
269,SR30062,Jinbubyeo, 
270,SR30062,IR65482-4-136-2-2, 
271,SR30061,Jinbubyeo, 
272,SR30061,IR71033-121-15, 
273,SR25848-C99-1-2-1,Dasanbyeo, 
274,SR25848-C99-1-2-1,Andabyeo x IR71190-45-2, 
275,SR21110,Ilpumbyeo, 
276,SR21110,Jinbu19, 
277,SR21097-B-B-19-2-2,Samjiyon4, 
278,SR21097-B-B-19-2-2,Hwasambyeo, 
279,SR18164F2,Juanbyeo, 
280,SR18164F2,Jakwangdo, 
281,SR14502F2,Yongmunbyeo, 
282,SR14502F2,SR10817F5, 
283,SR13683-210,SR11139-19-1, 
284,SR13683-210,Cheolweon35, 
285,SR13390-13-3-5-2,SR12051, 
286,SR12234-54-1,Cheolweon35, 
287,SR12234-54-1,Fuji269, 
288,SR11532-4,SR10249-270, 
289,SR11532-4,SR8102-127-5-1-1-1, 
290,SR11139-19-1,Cheolweon32, 
291,SR11139-19-1,Hamasari, 
292,SR10817F5,Suweon299, 
293,SR10817F5,Raekyung, 
294,SR10249-270,SR6025, 
295,SR10119-182-2-4,SR9845, 
296,SR10119-182-2-4,Wasetoramochi, 
297,SR10119-147-1-1,SR9845, 
298,SR10119-147-1-1,Wasetoramochi, 
299,Sobi,Hwayeongbyeo, 
300,Sobi,YR13604-Acp22, 
301,Sinunbongbyeo,37-A, 
302,Sinunbongbyeo,Akiyutaka, 
303,Sinseonchalbyeo,Hiyokumochi,IR262*2
304,Sinseonchalbyeo,Milyang20,IR262*2
305,Sinjinbaek,Jinbaek, 
306,Sinjinbaek,Hopum x HR24670-9-3-1, 
307,Singil,Hanareum,MNU(N-METHYL-N-NITROSOUREA)
308,Sindongjin x YR19105-Acp222,Sindongjin, 
309,Sindongjin x YR19105-Acp222,YR19105-Acp222, 
310,Sindongjin x Musashino7,Sindongjin, 
311,Sindongjin x Musashino7,Musashino7, 
312,Sindongjin x HR13743-45-B-3-3-2,Sindongjin, 
313,Sindongjin x HR13743-45-B-3-3-2,HR13743-45-B-3-3-2, 
314,Sindongjin,Hwayeongbyeo, 
315,Sindongjin,YR13604-Acp22, 
316,Sinbo,Pungmi, 
317,Sinbo,Saegyewha, 
318,Shuu2800 x Hokuriku100,Shuu2800, 
319,Shuu2800 x Hokuriku100,Hokuriku100, 
320,Shuu2800,IR8 x Fujiminori, 
321,Shuu2800,Koshihikari, 
322,Shinseonchalbyeo,Milyang20, 
323,Shinseonchalbyeo,Hiyokumochi, 
324,Shinpyeong,Unkwang, 
325,Shinpyeong,YR24263Acp53-1, 
326,Shinkwang,Milyang21 x HR963, 
327,Shinkwang,Pungsanbyeo, 
328,Shingeumobyeo,Milyang71, 
329,Shingeumobyeo,Cheolweon35, 
330,Seonpum,Junam, (Suweon554)
331,Seonpum,Iksan457 x SR21097-B-B-19-2-2, (Suweon554)
332,Seongsan,Jopyeong, 
333,Seongsan,Sangju40, 
334,Seomjinbyeo x (Sindongjin x Junghwabyeo),Seomjinbyeo, 
335,Seomjinbyeo x (Sindongjin x Junghwabyeo),(Sindongjin x Junghwabyeo), 
336,Seomjinbyeo,Milyang20, 
337,Seomjinbyeo,Asominori, 
338,Seomjin x Tohoku144,Seomijin, 
339,Seomjin x Tohoku144,Tohoku144, 
340,Seomjin,Milyang20, 
341,Seomjin,Asominori, 
342,Seolhyang x Koshihikari,Seolhyang, 
343,Seolhyang x Koshihikari,Koshihikari, 
344,Seolgaeng,Ilpumbyeo,MNU
345,Seohyangchal,Miyagaori,SUWEON357*2
346,Seohyangchal,Suweon357,SUWEON357*2
347,Senpidao,IET10346, 
348,Senpidao,IR54950-181-2-1-2-3, 
349,Sasanishiki BL4,Sasanishiki,SASANISHIKI*5
350,Sasanishiki BL4,76F6-88,SASANISHIKI*5
351,Sasanishiki,Hatsunishiki, 
352,Sasanishiki,Sasashigure, 
353,Sanhomi,Sangmibyeo, 
354,Sanhomi,Saesangju x Hwayeongbyeo, 
355,Sangmibyeo,Sambeagbyeo, 
356,Sangmibyeo,Ou316, 
357,Sangjuchalbyeo,Sambeagbyeo, 
358,Sangjuchalbyeo,YR4200, 
359,Sangjubyeo x Ilpumbyeo,Sangjubyeo, 
360,Sangjubyeo x Ilpumbyeo,Ilpumbyeo, 
361,Sangjubyeo,Cheonmabyeo,
362,Sangjubyeo,Odaebyeo, 
363,Sangju48,Musashino7, 
364,Sangju48,Koshihikari x Dacheong, 
365,Sangju40,Sambeagbyeo, 
366,Sangju40,Ou329, 
367,Sangju27,Sambeagbyeo, 
368,Sangju27,Ou315, 
369,Saesangju x Hwayeongbyeo,Saesangju, 
370,Saesangju x Hwayeongbyeo,Hwayeongbyeo, 
371,Saesangju,Junghwabyeo, 
372,Saesangju,Sambeagbyeo, 
375,Sangju13,Fukei127, 
376,Sangju13,YR2404, 
377,Sangbo,Samdeog, 
378,Sangbo,Nampyeongbyeo, 
379,Samnambyeo,Fuji280, 
380,Samnambyeo,BL1, 
381,Samkwang1ho,Samkwang,SAMKWANG*2
382,Samkwang1ho,Suweon152,SAMKWANG*2
383,Samkwang,Suweon361, 
384,Samkwang,Hwayeongbyeo, 
385,Samdeog x Nampyeongbyeo,Samdeog, 
386,Samdeog x Nampyeongbyeo,Nampyeongbyeo, 
387,Samdeog,YR12733-B-B-5-1, 
388,Samdeog,Hwayeongbyeo, 
389,Samcheonbyeo,Unbongbyeo, 
390,Samcheonbyeo,Fukei126, 
391,Saikai85 x Saikai59,Saikai85, 
392,Saikai85 x Saikai59,Saikai59, 
393,Saikai PL1,Chugoku45, 
394,Saikai PL1,Chubu2, 
395,Saesin,Iksan469, 
396,Saesin,HR23966-22-1-2, 
397,Saeodae,Gurubyeo, 
398,Saeodae,Namil, 
399,Saenuri,HR14026-B-68-6-1-5, 
400,Saenuri,Gyehwa17, 
401,Saemimyeon,Hanareum, 
402,Saemimyeon,IR50 x YR22791, 
403,Saeilpum,Ilpumbyeo,ILPUMBYEO*4
404,Saeilpum,SR30064-B2-B1-B8-20-2-1-61-21,ILPUMBYEO*4
405,Saeilmi,Ilmibyeo,HWAYEONGBYEO*4
406,Saeilmi,Hwayeongbyeo,HWAYEONGBYEO*4
407,Saegyewha,Ilpumbyeo, 
408,Saegyewha,Mangeumbyeo x Chukei830, 
409,Saechilbo,Kyehwa26, 
410,Saechilbo,Yeongdeog44, 
411,Raekyung,IR24, 
412,Raekyung,Suweon231, 
413,Pungsanbyeo,Milyang23, 
414,Pungsanbyeo,IR1545, 
415,Princess Sari,Kanto154, 
416,Princess Sari,Kanto150, 
417,Pebihun x Kanto98 x Kanto100,Pebihun x Kanto98, 
418,Pebihun x Kanto98 x Kanto100,Kanto100, 
419,Pebihun x Kanto98,Pebihun, 
420,Pebihun x Kanto98,Kanto98, 
421,Palbangmi,Milyang23,Milyang23*4
422,Palbangmi,O.glaberrima,Milyang23*4
423,Oumochi296 x Ishikaris1,Oumochi296, 
424,Oumochi296 x Ishikaris1,Ishikaris1, 
425,Ou329 x YR7632-Acp19,Ou329, 
426,Ou329 x YR7632-Acp19,YR7632-Acp19, 
427,Ou316,Kyokukei872, 
428,Ou316,Toyonishiki*2, 
429,Onnuri,Junam, 
430,Onnuri,HR14732, 
431,Ondami,Hitomebore, 
432,Ondami,Sangju27, 
433,Odaebyeo,Akitsuho, 
434,Odaebyeo,Fuji269, 
435,Nunkeunheugchal1ho,YR22517-Acp79(ge), 
436,Nunkeunheugchal1ho,Josaengheugchal, 
437,Nunkeunheugchal,Josaengheugchal, 
438,Nunkeunheugchal,YR23517-Acp79, 
439,Norin22,Kinki15, 
440,Norin22,Kinki9, 
441,Norin1,Moritawase, 
442,Norin1,Yukwoo132, 
443,Nonghobyeo,Milyang79, 
444,Nonghobyeo,Chukei314, 
445,Nongbaeg,Norin29, 
446,Nongbaeg,Ishikarishiroge, 
447,Nokwoo,LK1A-2-12-1-1, 
448,Nokwoo,IR72225-29-1-1, 
449,Nipponmasari ms,Nipponmasari,(gamma ray)
450,Nipponmasari,Kankei332, 
451,Nipponmasari,Nipponbare, 
452,Nikomaru,Kinumusume, 
453,Nikomaru,Hokuriku174, 
454,Namyang9,SR4084, 
455,Namyang9,Seomjinbyeo, 
456,Namyang7,Wasetoramochi x EESD.7, 
457,Namyang7,Cheolweon21, 
458,Nampyeongbyeo x Aya,Nampyeongbyeo, 
459,Nampyeongbyeo x Aya,Aya, 
460,Nampyeongbyeo,Milyang95, 
461,Nampyeongbyeo,Mangeumbyeo, 
464,Namcheonbyeo,YR3299-34-2-2, 
465,Namcheonbyeo,Suweon318, 
466,Namchan,Nikomaru, 
467,Namchan,Saenuri, 
468,Nakdongbyeo,Norin6, 
469,Nakdongbyeo,Mineyudaka, 
470,Nagoyutaka,Todorikiwase, 
471,Nagoyutaka,Ginmasari, 
472,Nagdongbyeo,Norin6, 
473,Nagdongbyeo,Mineyudaka, 
474,Milyang95,Chukei1016, 
475,Milyang95,Milyang79, 
476,MY299BK,YR24982-9-1, 
477,MY299BK,Ilpumbyeo,
478,MY298BB,Junam,JUNAM*4
479,MY298BB,Junam x IR72,JUNAM*4
480,Mogwoo,Dasanbyeo, 
481,Mogwoo,Andabyeo x IR71190-45-2, 
482,Miyatamamochi,Nankai76, 
483,Miyatamamochi,Minotamamochi, 
484,Misomi,Sobi, 
485,Misomi,SR21110, 
486,Misiru,Daeripbyeo1, 
487,Misiru,Seolgaeng, 
488,Mipum,Koshihikari, 
489,Mipum,Gyehwa21 x Junam, 
490,Mineyutaka x Chugoku65,Mineyutaka, 
491,Mineyutaka x Chugoku65,Chugoku65, 
492,Minehikari,BR No.1, 
493,Minehikari,Nakadeshinseubo, 
494,Mimyeon,72-13, 
495,Mimyeon,Hyangmibyeo2, 
496,Milyang95 x SR11155-4-2,Milyang95, 
497,Milyang95 x SR11155-4-2,SR11155-4-2, 
498,Milyang95 x Seomjinbyeo,Milyang95, 
499,Milyang95 x Seomjinbyeo,Seomjinbyeo, 
500,Milyang95,Chukei1016, 
501,Milyang95,Milyang79, 
502,Milyang79,Dongjinbyeo, 
503,Milyang79,Sin2, 
504,Milyang71,Nakdongbyeo, 
505,Milyang71,2067, 
506,Milyang64,Milyang15, 
507,Milyang64,Chak48-1, 
508,Milyang29,Suweon231, 
509,Milyang29,IR24, 
510,Milyang23 x Milyang30,Milyang23, 
511,Milyang23 x Milyang30,Milyang30, 
512,Milyang23 x Cheongcheongbyeo,Milyang23, 
513,Milyang23 x Cheongcheongbyeo,Cheongcheongbyeo, 
514,Milyang23,IR1317, 
515,Milyang23,IR24, 
516,Milyang216 x Hanareum,Milyang216, 
517,Milyang216 x Hanareum,Hanareum, 
518,Milyang216,Geumgangbyeo, 
519,Milyang216,Dasanbyeo, 
520,Milyang21 x IR32,Milyang21, 
521,Milyang21 x IR32,IR32, 
522,Milyang21 x HR963,Milyang21, 
523,Milyang21 x HR963,HR963, 
524,Milyang21,Suweon231, 
525,Milyang21,IR24, 
526,Milyang20,YR91-24-7, 
527,Milyang20,Saikai128, 
528,Milyang192,Hwayeongbyeo x Iksan429, 
529,Milyang192,Junam, 
530,Milyang175,Tohoku194, 
531,Milyang175,SX864, 
532,Milyang172,Sangjubyeo x Ilpumbyeo, 
533,Milyang172,Hwayeongbyeo, 
534,Junam x Sindongjin,Junam, 
535,Junam x Sindongjin,Sindongjin, 
536,Junam,Hwayeongbyeo, 
537,Junam,Sangjubyeo x Ilpumbyeo, 
538,Milyang153,Dohuku149, 
539,Milyang153,Ilpumbyeo, 
540,Milyang15,Nonglim6, 
541,Milyang15,Mineyutaka, 
542,Hwasambyeo,Hwayeongbyeo, 
543,Hwasambyeo,Iri389, 
544,Milky Princess,Kanto163, 
545,Milky Princess,Ko272, 
546,Mihyangbyeo,Iri392, 
547,Mihyangbyeo,Seomjin x Tohoku144, 
548,Miho,Hopum, 
549,Miho,Milky Princess, 
550,Manho,Shingeumobyeo, 
551,Manho,HR11299-B-B-52, 
552,Mangeumbyeo x Chukei830,Mangeumbyeo, 
553,Mangeumbyeo x Chukei830,Chukei830, 
554,Mangeumbyeo,Milyang71, 
555,Mangeumbyeo,Saikai PL1, 
556,Manbaek,Hopum,HOPUM*2
557,Manbaek,SR30075-2-1-21-2-2-1,HOPUM*2
558,Kyehwa26,HR14700, 
559,Kyehwa26,YR18009-Acp60, 
560,Guemobyeo,Akitsuho, 
561,Guemobyeo,Fuji269, 
562,Koshihikari x Seorakbyeo,Koshihikari, 
563,Koshihikari x Seorakbyeo,Seorakbyeo, 
564,Koshihikari x Dacheong,Koshihikari, 
565,Koshihikari x Dacheong,Dacheong, 
566,Koshihikari,Norin22, 
567,Koshihikari,Norin1, 
568,Kinumusume,Kinuhikari, 
569,Kinumusume,Matsubare, 
570,Kinuhikari,Hokuriku100, 
571,Kinuhikari,Shuu2800 x Hokuriku100, 
572,Kinki45 x Kinki11,Kinki45, 
573,Kinki45 x Kinki11,Kinki11, 
574,KGIR1,Senpidao, 
575,KGIR1,SACG4, 
576,Keunnun,Ilpumbyeo,ILPUM(MNU)MUTANT
577,Kanto154,Nipponbare, 
578,Kanto154,Basmati370, 
579,Jungmo1043,Joryeongbyeo, 
580,Jungmo1043,Seohyangchal, 
581,Jungmo1042,Namil,Mutant(Ethyl methanesulfonate)
582,Jungmo1040,Junam, (Suweon555)
583,Jungmo1040,Manho, (Suweon555)
584,Jungmo1037,Milyang175, 
585,Jungmo1037,Kanto170, 
586,Jungmo1036,YR22838 x Dasanbyeo, 
587,Jungmo1036,Hanareum, 
588,Jungmo1035,Hwanggeumnodeul, 
589,Jungmo1035,HR21050-B-50-1, 
590,Jungmo1034,Jungmo1006 x Nampyeongbyeo, 
591,Jungmo1034,Jungmo1006 x Junam, 
592,Jungmo1032,Nampyeongbyeo,NAMPYEONGBYEO*2
593,Jungmo1032,(Nampyeongbyeo x Aya),NAMPYEONGBYEO*2
594,Jungmo1031,Sangmibyeo, 
595,Jungmo1031,Unbong31, 
596,Jungmo1028,Hanareum, 
597,Jungmo1028,Dasanbyeo x YR18241-B-B-47-1 x YR18241-B-B-210-1, 
598,Jungmo1027,Miyakaori,  
599,Jungmo1027,Jinbuchalbyeo, 
600,Jungmo1026,Dongjin2,Iksan469*2
601,Jungmo1026,Iksan469,Iksan469*2
602,Jungmo1024,Namil,Mutant(Sodium azide)
603,Jungmo1006 x Nampyeongbyeo,Jungmo1006,NAMPYEONGBYEO*3
604,Jungmo1006 x Nampyeongbyeo,Nampyeongbyeo,NAMPYEONGBYEO*3
605,Jungmo1006 x Junam,Jungmo1006,Junam*3
606,Jungmo1006 x Junam,Junam,Junam*3
607,Jungmo1006,YR21556, 
608,Jungmo1006,Nakdongbyeo, 
609,Junghwabyeo,Daeseongbyeo, 
610,Junghwabyeo,YR6729, 
611,Junam x IR72,Junam, 
612,Junam x IR72,IR72, 
613,Jumambyeo,Hwayeongbyeo, 
614,Jumambyeo,Sangjubyeo x Ilpumbyeo, 
615,Juanbyeo,Koshihikari x Seorakbyeo, 
616,Juanbyeo,Samnambyeo, 
617,JR1-2-7-2-2,Heugnambyeo, 
618,JR1-2-7-2-2,Milyang153, 
619,Jowoo,Mogwoo, 
620,Jowoo,Gayabyeo, 
621,Josaengheugchal,Tohoku149, 
622,Josaengheugchal,Sx864, 
623,Joryeongbyeo,YR6978, 
624,Joryeongbyeo,Milyang79, 
625,Jopum,Cheolweon60, (Cheolweon88)
626,Jopum,Daejinbyeo, (Cheolweon88)
627,Jonong,Binhae#1, 
628,Jonong,Deuraechan, 
629,Joil,Unmi, 
630,Joil,HR23156, 
631,Jinseolchal,Jinbuchalbyeo, 
632,Jinseolchal,Jinbu22, 
633,Jinok,Taebong, 
634,Jinok,Unbong31, 
635,Jinmibyeo,Inabawase, 
636,Jinmibyeo,SR4084, 
637,Jinkwang,Hopum, 
638,Jinkwang,Unkwang x Koshihikari, 
639,Jinheung,Norin13, 
640,Jinheung,Ssangyeop, 
641,Jinhan,Cheolweon68, 
642,Jinhan,Junghwabyeo, 
643,Jinbuolbyeo,Oumochi296 x Ishikaris1, 
644,Jinbuolbyeo,Kami Ikumochi38, 
645,Jinbuchalbyeo,SR4085 x Todorokiwase,IR262*2
646,Jinbuchalbyeo,Wasetoramochi,IR262*2
647,Jinbubyeo,Hukuhikari, 
648,Jinbubyeo,Hokuriku109, 
649,Jinbu48,Jinbu31, 
650,Jinbu48,Gyodong23, 
651,Jinbu31,Suweon329, 
652,Jinbu31,Jinbuolbyeo, 
653,Jinbu22,SR10119-147-1-1, 
654,Jinbu22,Wx2296-1Sa-Sa-B, 
655,Jinbu19,SR10119-182-2-4, 
656,Jinbu19,SR13683-210, 
657,Jinbo,Haepyeong, 
658,Jinbo,Koshihikari, 
659,Jinbaek,Gangbaek, 
660,Jinbaek,Junam x Sindongjin, 
661,Jeonnam3,Koshihikari, 
662,Jeonnam3,Onnuri, 
663,Jeonju603,Heughyang, 
664,Jeonju603,SR30075-1-12-1-1-6-1-1 x Hopum*3, 
665,Jeonbuk5,JR1-2-7-2-2, 
666,Jeonbuk5,Heughyang, 
667,Jeogjinju2,620209, 
668,Jeogjinju2,HONGJINJU, 
669,IS592BB,Unkwang, 
670,IS592BB,HR28021, 
671,Irumi,Boramchan, 
672,Irumi,Deuraechan x YR28322, 
673,Iri417,Milyang95, 
674,Iri417,Hwayeongbyeo, 
675,Iri412,Gyehwa8, 
676,Iri412,Sanghaehyanghyeola, 
677,Hwasinbyeo,Mangeumbyeo, 
678,Hwasinbyeo,Milyang110, 
679,Mangeumbyeo,Milyang71, 
680,Mangeumbyeo,Skikai PL1, 
681,Iri389,Seomjin, 
682,Iri389,Dongjinbyeo x HR1590, 
683,Iri380 x Milyang95,Iri380, 
684,Iri380 x Milyang95,Milyang95, 
685,Iri369,Nagdongbyeo, 
686,Iri369,Seohae159, 
687,Sinseonchalbyeo,Milyang20, 
688,Sinseonchalbyeo,Hiyokumochi, 
689,IRBB57,IRBB5, 
690,IRBB57,IRBB4 x IRBB21, 
691,IRBB4 x IRBB21,IRBB4, 
692,IRBB4 x IRBB21,IRBB21, 
693,IR8866 x Milyang29,IR8866, 
694,IR8866 x Milyang29,Milyang29, 
695,IR841-76-1,IR262, 
696,IR841-76-1,KDM105, 
697,IR8 x Fujiminori,IR8, 
698,IR8 x Fujiminori,Fujiminori, 
699,IR77863-95-2-3,YR17082-R-R-B-4-2, 
700,IR77863-95-2-3,HR15490-34, 
701,IR72225-29-1-1,IR66750-6-2-1, 
702,IR72225-29-1-1,IR69092-60-2, 
703,IR71667-19-4-2-4,Jinmibyeo, 
704,IR71667-19-4-2-4,IR71121, 
705,IR71121,Jinmibyeo, 
706,IR71121,IR65564-44-23, 
707,IR71033-121-15,IR31917-45-3-2,IR31917-45-3-2*3
708,IR71033-121-15,O. Minuta,IR31917-45-3-2*3
709,IR69092-60-2,IR65600-1-2-3, 
710,IR69092-60-2,GUNDIL KUNING, (Indonesia)
711,IR66750-6-2-1,SHEN NUNG 89-366, 
712,IR66750-6-2-1,SRI KUNING, (Indonesia)
713,IR65600-1-2-3,SHEN NUNG 89-366, 
714,IR65600-1-2-3,KETAN LUMBU, (Indonesia)
715,IR65482-4-136-2-2,IR31917-45-3-2,IR31917-45-3-2*3
716,IR65482-4-136-2-2,O. austratiensis,IR31917-45-3-2*3
717,IR50 x YR22791,IR50, 
718,IR50 x YR22791,YR22791, 
719,IR24,IR8, 
720,IR24,IR127, 
721,IR1317,Jinheung, 
722,IR1317,IR262, 
723,Inabawase,Koshihikari, 
724,Inabawase,Tarehonami, 
725,Ilpumbyeo x Sinseonchalbyeo,Ilpumbyeo, 
726,Ilpumbyeo x Sinseonchalbyeo,Sinseonchalbyeo, 
727,Ilpumbyeo x Shinkwang,Ilpumbyeo, 
728,Ilpumbyeo x Shinkwang,Shinkwang, 
729,Ilpumbyeo x Kimcheonangmi,Ilpumbyeo, 
730,Ilpumbyeo x Kimcheonangmi,Kimcheonangmi, 
731,Ilpumbyeo,Suweon295-SV3, 
732,Ilpumbyeo,Inabawase, 
733,Ilmibyeo,Milyang95 x Seomjinbyeo, 
734,Ilmibyeo,Milyang96, 
735,Iljin,Gudaenaejoseonguk3, 
736,Iljin,Eunbangju, 
737,Iksan590,HR24787-26-5-2,HR24787-26-5-2*2
738,Iksan590,Hopum,HR24787-26-5-2*2
739,Iksan559,Unkwang, 
740,Iksan559,Nunbora, 
741,Iksan555,Iksan496, 
742,Iksan555,Milyang172, 
743,Anbaek,Jinbaek, 
744,Anbaek,Yeongdeog44 x Cheongho, 
745,Haepum,Dacheong x Iksan496, 
746,Haepum,Jinbaek, 
747,Iksan496,(Sindongjin x Sangju13) x Seomjinbyeo, 
748,Iksan496,Junam, 
749,Dacheong x Iksan496,Dacheong, 
750,Dacheong x Iksan496,Iksan496, 
751,Dacheong,Daepyeong, 
752,Dacheong,YR21258-GH3, 
753,Jinbaek,HR15204-38-3, 
754,Jinbaek,Junam x Sindongjin, 
755,Hwanggeumnodeul,Junam, 
756,Hwanggeumnodeul,HR15151, 
757,Nunbora,Iksan433, 
758,Nunbora,Miyatamamochi, 
759,Dongjin2 x Iksan469,Dongjin2, 
760,Dongjin2 x Iksan469,Iksan469, 
761,Dongjin2,Junam, 
762,Dongjin2,(HR14018-B-1-1 x Sobi) x Sindongjin, 
763,Iksan469,Junam, 
764,Iksan469,HR14732-B-67-2-3, 
765,Iksan457 x SR21097-B-B-19-2-2,Iksan457, 
766,Iksan457 x SR21097-B-B-19-2-2,SR21097-B-B-19-2-2, 
767,Iksan457,Sindongjin, 
768,Iksan457,HR15003-69-B-3, 
769,Iksan456 x SR21097-B-B-19-2-2,Iksan456, 
770,Iksan456 x SR21097-B-B-19-2-2,SR21097-B-B-19-2-2, 
771,Iksan456,Sindongjin, 
772,Iksan456,HR15003-69-B-3, 
773,Daepyeong,HR14028-AC5, 
774,Daepyeong,Ilmibyeo, 
775,Sindongjin x Junghwabyeo,Sindongjin, 
776,Sindongjin x Junghwabyeo,Junghwabyeo, 
777,Sindongjin x Sangju13,Sindongjin, 
778,Sindongjin x Sangju13,Sangju13, 
779,Sindongjin x (HR14018-B-1-1 x Sobi),Sindongjin, 
780,Sindongjin x (HR14018-B-1-1 x Sobi),HR14018-B-1-1 x Sobi,  
781,Iksan433,Hwasambyeo, 
782,Iksan433,Hyangnambyeo, 
783,Iksan429,Milyang95, 
784,Iksan429,Ilpumbyeo x Iri396, 
785,Hyeonpum,Iksan469, 
786,Hyeonpum,Sindongjin x Musashino7, 
787,Hyangmibyeo2,IR841-76-1, 
788,Hyangmibyeo2,Suweon334, 
789,Hwayeongbyeo x Sangjubyeo,Hwayeongbyeo, 
790,Hwayeongbyeo x Sangjubyeo,Sangjubyeo, 
791,Hwayeongbyeo x Iksan429,Hwayeongbyeo, 
792,Hwayeongbyeo x Iksan429,Iksan429, 
793,Hwayeongbyeo,Chukei830, 
794,Hwayeongbyeo,YR4811-Acp8, 
795,Hwawang,(YR21247-B-B-B-49-1 x Sasanishiki BL4) x Akidagomachi, 
796,Hwawang,(YR21247-B-B-B-49-1 x Sasanishiki BL4) x Hitomebore, 
797,Hwaseongbyeo,Aichi37, 
798,Hwaseongbyeo,Samnambyeo, 
799,Hwasambyeo,Hwayeongbyeo, 
800,Hwasambyeo,Iri389, 
801,Hwacheongbyeo,Suweon298, 
802,Hwacheongbyeo,Milyang64, 
803,Huji280,Pi No.5, 
804,Huji280,Reimei, 
805,HR28021,Unkwang, 
806,HR28021,SR31206-12, 
807,HR25425,HR23609 x Unkwang, 
808,HR25425,HR17829, 
809,HR24787-26-5-2,HR21036-B-105-4, 
810,HR24787-26-5-2,HR20376-20-B-4, 
811,HR24670-9-3-1,Suweon345,SUWEON345*6
812,HR24670-9-3-1,IRBB21,SUWEON345*6
813,HR23966-22-1-2,Suweon345,SUWEON345*4
814,HR23966-22-1-2,IRBB5,SUWEON345*4
815,HR23609 x Unkwang,HR23609, 
816,HR23609 x Unkwang,Unkwang, 
817,HR23609,HR22646, 
818,HR23609,Sambeagbyeo, 
819,HR23156,Jinbubyeo, 
820,HR23156,Unkwang, 
821,HR22538-GHB-36-4,Daepyeong, 
822,HR22538-GHB-36-4,YR21258-GH3, 
823,HR21124-B-59,Junam, 
824,HR21124-B-59,HR15151-B-21-3, 
825,HR21050-B-50-1,Junam, 
826,HR21050-B-50-1,HR17261-B-20, 
827,HR21036-B-105-4,Junam,Junam*2
828,HR21036-B-105-4,HR14027-36-2-1-1,Junam*2
829,HR20376-20-B-4,Sindongjin, 
830,HR20376-20-B-4,YR18114-Acp19, 
831,HR18129-B-16-1-4,Sindongjin, 
832,HR18129-B-16-1-4,HR14027-36-1 x Sobi, 
833,HR17870,Sobi, 
834,HR17870,Sangju17, 
835,HR17829,Hwayeongbyeo, 
836,HR17829,Fukei126, 
837,HR17261-B-20,HR14018-B-17-10, 
838,HR17261-B-20,Iksan429, 
839,HR1702-65-3-4,Satominori, 
840,HR1702-65-3-4,HR1308-13, 
841,HR16683-46-3-1,Sangjubyeo, 
842,HR16683-46-3-1,Unbong17, 
843,HR15490-34,Nampyeongbyeo, 
844,HR15490-34,Sinunbongbyeo, 
845,HR15204-38-3,Suweon345*4, 
846,HR15204-38-3,DV85, 
847,HR15151,HR11752, 
848,HR15151,HR11306, 
849,HR15003-69-B-3,Hwayeongbyeo, 
850,HR15003-69-B-3,Dongjinbyeo x Milyang95, 
851,HR14834-11-4-3-4,Hwayeongbyeo, 
852,HR14834-11-4-3-4,Tamjinbyeo x Sinseonchalbyeo*2, 
853,HR14732-B-67-2-3,Hapcheon1, 
854,HR14732-B-67-2-3,Hwayeongbyeo, 
855,HR14732,Hwayeongbyeo, 
856,HR14732,Hapchun 1, 
857,HR14700,Ilmibyeo, 
858,HR14700,HR11735 x Dongjinbyeo, 
859,HR14180-6-3-2,Milyang95, 
860,HR14180-6-3-2,Ilpumbyeo x Sinseonchalbyeo, 
861,HR14073,Dongjinbyeo, 
862,HR14073,YR11423-10-3, 
863,HR14027-36-2-1-1,Hwayeongbyeo, 
864,HR14027-36-2-1-1,Dongjinbyeo Mutant, 
865,HR14027-36-1 x Sobi,HR14027-36-1, 
866,HR14027-36-1 x Sobi,Sobi, 
867,HR14027-36-1,Hwayeongbyeo, 
868,HR14027-36-1,Dongjinbyeo Mutant, 
869,HR14026-B-B-B-6-1-5,Hwayeongbyeo, 
870,HR14026-B-B-B-6-1-5,HR1280-AC21, 
871,HR14026-B-68-6-1-5,Hwayeongbyeo, 
872,HR14026-B-68-6-1-5,HR12800-AC21, 
873,HR14018-B-1-1 x Sobi,HR14018-B-1-1, 
874,HR14018-B-1-1 x Sobi,Sobi, 
875,HR14018-B-1-1,Hwayeongbyeo, 
876,HR14018-B-1-1,YR13604-Acp22, 
877,HR1276-7,Kimmaze, 
878,HR1276-7,Milyang15, 
879,HR11735 x Dongjinbyeo,HR11735, 
880,HR11735 x Dongjinbyeo,Dongjinbyeo, 
881,HR11735,Mangeumbyeo, 
882,HR11735,Milyang95, 
883,HR11299-B-B-52,Milyang95, 
884,HR11299-B-B-52,Ou316, 
885,Hopum x HR24670-9-3-1,Hopum, 
886,Hopum x HR24670-9-3-1,HR24670-9-3-1, 
887,Hopum,Sindongjin,JUNAM*2
888,Hopum,Junam,JUNAM*2
889,HONGJINJU,SR18164F2, 
890,HONGJINJU,Juanbyeo, 
891,Hokuriku174,Shuu4885, 
892,Hokuriku174,Shuu4695, 
893,Hokuriku109,Todorokiwase x Fuji170, 
894,Hokuriku109,Inabawase, 
895,Hokuriku100 x Nagoyutaka,Hokuriku100, 
896,Hokuriku100 x Nagoyutaka,Nagoyutaka, 
897,Hokuriku100,Koshihikari,gamma ray
898,Hitomebore,Koshihikari, 
899,Hitomebore,Hatsuboshi, 
900,Heugsujeong,Heughyang, 
901,Heugsujeong,HR14834-11-4-3-4, 
902,Heugnambyeo,Tamjinbyeo, 
903,Heugnambyeo,Sanghaehyanghyeola, 
904,Heugjinmi,Boseogheugchal, 
905,Heugjinmi,HONGJINJU, 
906,Heughyang,Mangeumbyeo, 
907,Heughyang,SX864, 
908,Hatsunishiki,Norin22, 
909,Hatsunishiki,Norin1, 
910,Hatsuboshi,Koshihikari, 
911,Hatsuboshi,Nov-40, 
912,Hanmaeum,Junam, 
913,Hanmaeum,YR16365-Acp13 x Sindongjin, 
914,Hangaru,Daeripbyeo1, 
915,Hangaru,Seolgaeng, 
916,Hanareumchal,Odorokimochi, 
917,Hanareumchal,Hanareum, 
918,Hanareum,Namcheonbyeo, 
919,Hanareum,Dasanbyeo, 
920,Hanareum4,Geumgangbyeo, 
921,Hanareum4,Hanareum, 
922,Hanareum3,Hanareum, 
923,Hanareum3,Milyang216 x Hanareum, 
924,Hanareum,Namcheonbyeo, 
925,Hanareum,Dasanbyeo, 
926,Hamaasahi x SR12234-54-1,Hamaasahi, 
927,Hamaasahi x SR12234-54-1,SR12234-54-1, 
928,Haepyeong,Akichikara, 
929,Haepyeong,Hwayeongbyeo, 
932,Haedeul,Gopum, 
933,Haedeul,Gangwon4, 
934,Haedamssal,YR25779 x Koshihikari, 
935,Haedamssal,Unkwang x YR25779, 
936,Gyeonggi5,Samkwang,SAMKWANG*2
937,Gyeonggi5,Jojeongdo,SAMKWANG*2
938,Gyehwa24,Sindongjin x HR13743-45-B-3-3-2, 
939,Gyehwa24,HR20577-B-1-2-5, 
940,Gyehwa21 x Junam,Gyehwa21, 
941,Gyehwa21 x Junam,Junam, 
942,Gyehwa17,Iri399, 
943,Gyehwa17,Hwanambyeo, 
944,Gurubyeo,Guemobyeo, 
945,Gurubyeo,Cheolweon42, 
946,Gopum,((((SR4085 x Shimokita) x Kanto PL1) x 6542-B3) x Suweon366), 
947,Gopum,(54BC-68 x Iri369), 
948,Goamibyeo,Ilpumbyeo x Kimcheonangmi, 
949,Goamibyeo,Milyang95, 
950,Goami2,Ilpumbyeo,<MNU>
951,Ginkki45 x Ginkki11,Ginkki45, 
952,Ginkki45 x Ginkki11,Ginkki11, 
953,Geumgangbyeo,Suweon232, 
954,Geumgangbyeo,IR24, 
955,Geumgang1,Dasan1, 
956,Geumgang1,Geumgangbyeo, 
957,Geonyang2,Chugoku173, 
958,Geonyang2,Jumambyeo, 
959,Gayabyeo,Milyang21 x IR32, 
960,Gayabyeo,Milyang23 x Milyang30, 
961,Gangwon4,Hitomebore, 
962,Gangwon4,Jinbubyeo, 
963,Gangbaek,Suweon345,Suweon345*5
964,Gangbaek,DV85,Suweon345*5
965,Fukunishiki,54 BC-68, 
966,Fukunishiki,Hatsunishiki, 
967,Hukuhikari,Koshihikari, 
968,Hukuhikari,Fukunishiki, 
969,Dongjinchalbyeo,Toyonishiki, 
970,Dongjinchalbyeo,Milyang95 x SR11155-4-2, 
971,Dongjinbyeo x Saikai152,Dongjinbyeo, 
972,Dongjinbyeo x Saikai152,Saikai152, 
973,Dongjinbyeo x Milyang95,Dongjinbyeo, 
974,Dongjinbyeo x Milyang95,Milyang95, 
975,Dongjinbyeo x HR1590,Dongjinbyeo, 
976,Dongjinbyeo x HR1590,HR1590, 
977,Dongjinbyeo x Hokuriku111,Dongjinbyeo, 
978,Dongjinbyeo x Hokuriku111,Hokuriku111, 
979,Dongjinbyeo,HR1276-7, 
980,Dongjinbyeo,Satominori, 
981,Dongjin1,Hwayeongbyeo, 
982,Dongjin1,HR12800-AC21, 
983,Dongbugna149,Jungbuna57, 
984,Dongbugna149,Tachimimochi, 
985,Dodamssal,Goamibyeo, 
986,Dodamssal,Goami2, 
987,Deuraechan x YR28322,Deuraechan, 
988,Deuraechan x YR28322,YR28322, 
989,Deuraechan,Sindongjin x YR19105-Acp222, 
990,Deuraechan,Junam, 
991,Deulaehyang,Mipum, 
992,Deulaehyang,Mihyangbyeo, 
993,Dasanbyeo x YR18241-B-B-47-1 x YR18241-B-B-210-1,Dasanbyeo, 
994,Dasanbyeo x YR18241-B-B-47-1 x YR18241-B-B-210-1,YR18241-B-B-47-1 x YR18241-B-B-210-1, 
995,Dasan1,Bengal, 
996,Dasan1,Yongjubyeo x Dasanbyeo, 
997,Dahyangheungmi,Sanghaehanghella,Mutant(Sodium azide)
998,Daeseongbyeo,Minehikari, 
999,Daeseongbyeo,Huji280, 
1000,Daeripbyeo1,Nipponmasari ms, 
1001,Daeripbyeo1,BG29, 
1002,Daejinbyeo,Daseseongbyeo, 
1003,Daejinbyeo,Seomjinbyeo, 
1004,Dabo,Yeongdeog31, 
1005,Dabo,Junam, 
1006,CW92MR,SR32209, (Cheolweon 92)
1007,CW92MR,SR32210, (Cheolweon 92)
1008,Cp231 x SL017,Cp231, 
1009,Cp231 x SL017,SL017, 
1010,Congshengla x Hwaseongbyeo,Congshengla, 
1011,Congshengla x Hwaseongbyeo,Hwaseongbyeo, 
1012,Chunggyena8 x Fujiminori,Chunggyena8, 
1013,Chunggyena8 x Fujiminori,Fujiminori, 
1014,Chukei830,Mineyutaka x Chugoku65, 
1015,Chukei830,Chugoku45, 
1016,Chukei1016,Chugoku56, 
1017,Chukei1016,Chugoku61, 
1018,Chugwang x Hukkei123,Chugwang, 
1019,Chugwang x Hukkei123,Hukkei123, 
1020,Chugoku45 x Mineyudaka,Chugoku45, 
1021,Chugoku45 x Mineyudaka,Mineyudaka, 
1022,Chucheong x Seomijin,Chucheong, 
1023,Chucheong x Seomijin,Seomijin, 
1024,Chindeul,HR22538-GHB-36-4, 
1025,Chindeul,Dongjin2, 
1026,Chilbo,Haepyeong, 
1027,Chilbo,Koshihikari, 
1028,Cheonmabyeo x Hamamasahi,Cheonmabyeo, 
1029,Cheonmabyeo x Hamamasahi,Hamamasahi, 
1030,Cheonmabyeo x Hamaasahi,Cheonmabyeo, 
1031,Cheonmabyeo x Hamaasahi,Hamaasahi, 
1032,Cheonmabyeo,BL7, 
1033,Cheonmabyeo,Nongbaeg, 
1034,Cheongwoo,Mogwoo, 
1035,Cheongwoo,Gayabyeo, 
1036,Cheongun,Geuman, 
1037,Cheongun,Milyang192, 
1038,Cheongpum,Jinbo, 
1039,Cheongpum,Samkwang, 
1040,Cheonghyangheukmi,Josaengheugchal, 
1041,Cheonghyangheukmi,HR14180-6-3-2, 
1042,Cheongho,Hwasinbyeo, 
1043,Cheongho,Iri417, 
1044,Cheolweon54,Hamaasahi x SR12234-54-1, 
1045,Cheolweon54,Cheonmabyeo, 
1046,Cheolweon50,Cheolweon47, 
1047,Cheolweon50,Namyang9, 
1048,Cheolweon47,Suweon302, 
1049,Cheolweon47,Yamayudaka, 
1050,Cheolweon46,Aichi37, 
1051,Cheolweon46,Cheonmabyeo, 
1052,Cheolweon42,Fuji280, 
1053,Cheolweon42,BL1, 
1054,Cheolweon35,Minehikari, 
1055,Cheolweon35,Fuji280, 
1056,Calrose x Kinuhikari,Calrose, 
1057,Calrose x Kinuhikari,Kinuhikari, 
1058,Boseogheugchal,(Hwaseonchalbyeo x Shinseonchalbyeo) x Sanghaehyanghyeolna, 
1059,Boseogheugchal,HeukmiH31, 
1060,Boramchan,HR21124-B-59, 
1061,Boramchan,Gyehwa24, 
1062,Boramchal,Hopum, 
1063,Boramchal,Baegseolchal, 
1066,Bodrami,Hwaseongbyeo, 
1067,Bodrami,Congshengla x Hwaseongbyeo, 
1068,BL7,Milek Kuning,Fujisaka5*5
1069,BL7,Fujisaka5,Fujisaka5*5
1070,Baegseolchal,Sobi, 
1071,Baegseolchal,Dongjinchalbyeo, 
1072,Baegilmi,Koshihikari,Mutant(Ethyl methanesulfonate)
1073,Aya,Tohoku43, 
1074,Aya,Kitaake, 
1075,Asominori,Saikai85 x Saikai59, 
1076,Asominori,Sachikase, 
1077,Asemi1ho,IR77863-95-2-3, (Suweon576)
1078,Asemi1ho,IR71667-19-4-2-4, (Suweon576)
1079,Asemi,Jinmibyeo, 
1080,Asemi,Cheolweon46, 
1081,Aromi,Saeilmi, 
1082,Aromi,Princess Sari, 
1083,Anpyeong,YR24982-9-1, 
1084,Anpyeong,Saeilmi, 
1085,Andabyeo x IR71190-45-2,Andabyeo, 
1086,Andabyeo x IR71190-45-2,IR71190-45-2, 
1087,Andabyeo,Yongmunbyeo, 
1088,Andabyeo,SR14502F2, 
1089,Alchanmi,Junam, 
1090,Alchanmi,Chilbo, 
1091,Akidagomachi,Koshihikari, 
1092,Akidagomachi,Ou292, 
1093,Akichikara,Hokuriku101, 
1094,Akichikara,Akihikari, 
1095,Aichi37,Aichi6, 
1096,Aichi37,Gwandong98, 
1097,54BC-68 x Iri369,54BC-68, 
1098,54BC-68 x Iri369,Iri369, 
1099,54BC-68,Ginkki45 x Ginkki11, 
1100,54BC-68,Zenith, 
1101,54 BC-68,Kinki45 x Kinki11, 
1102,54 BC-68,Zenith, 
1103,(YR21247-B-B-B-49-1 x Sasanishiki BL4) x Hitomebore,YR21247-B-B-B-49-1 x Sasanishiki BL4, 
1104,(YR21247-B-B-B-49-1 x Sasanishiki BL4) x Hitomebore,Hitomebore, 
1105,(YR21247-B-B-B-49-1 x Sasanishiki BL4) x Akidagomachi,YR21247-B-B-B-49-1 x Sasanishiki BL4, 
1106,(YR21247-B-B-B-49-1 x Sasanishiki BL4) x Akidagomachi,Akidagomachi, 
1107,(Hwaseonchalbyeo x Shinseonchalbyeo) x Sanghaehyanghyeolna,Hwaseonchalbyeo x Shinseonchalbyeo, 
1108,(Suweon261 x IR29) x (Milyang23 x Milyang46),Suweon261 x IR29, 
1109,(Suweon261 x IR29) x (Milyang23 x Milyang46),Milyang23 x Cheongcheongbyeo, 
1110,(Suweon216 x IR29) x (Milyang23 x Milyang46),Suweon216 x IR29, 
1111,(Suweon216 x IR29) x (Milyang23 x Milyang46),Milyang23 x Cheongcheongbyeo, 
1112,(SR4085 x Shimokita) x Kanto PL1,SR4085 x Shimokita, 
1113,(SR4085 x Shimokita) x Kanto PL1,KantoPL1, 
1114,(Sindongjin x Junghwabyeo) x Seomjinbyeo,Sindongjin x Junghwabyeo, 
1115,(Sindongjin x Junghwabyeo) x Seomjinbyeo,Seomjinbyeo, 
1116,(Sindongjin x Sangju13) x Seomjinbyeo,Sindongjin x Sangju13, 
1117,(Sindongjin x Sangju13) x Seomjinbyeo,Seomjinbyeo, 
1118,(HR14018-B-1-1 x Sobi) x Sindongjin,HR14018-B-1-1 x Sobi, 
1119,(HR14018-B-1-1 x Sobi) x Sindongjin,Sindongjin, 
1120,(Cp231 x SL017) x Sigadis,Cp231 x SL017, 
1121,(Cp231 x SL017) x Sigadis,Sigadis, 
1122,(Chucheong x Seomijin) x Seomijin,Seomijin, 
1123,(Chucheong x Seomijin)x Seomijin,Chucheong x Seomijin, 
1124,((Suweon261 x IR29) x (Milyang23 x Milyang46)) x Milyang42,Milyang42, 
1125,((Suweon261 x IR29) x (Milyang23 x Milyang46)) x Milyang42,(Suweon261 x IR29) x (Milyang23 x Milyang46), 
1126,((Suweon261 x IR29) x (Milyang23 x Milyang46)) x Milyang42,(Suweon261 x IR29) x (Milyang23 x Milyang46), 
1127,((Suweon261 x IR29) x (Milyang23 x Milyang46)) x Milyang42,Milyang42, 
1128,((Suweon216 x IR29) x (Milyang23 x Milyang26)) x Milyang42,((Suweon216 x IR29) x (Milyang23 x Milyang26)), 
1129,((Suweon216 x IR29) x (Milyang23 x Milyang26)) x Milyang42,Milyang42, 
1130,((SR4085 x Shimokita) x Kanto PL1) x 6542-B3,((SR4085 x Shimokita) x Kanto PL1), 
1131,((SR4085 x Shimokita) x Kanto PL1) x 6542-B3,6542-B3, 
1132,(((Suweon261 x IR29) x (Milyang23 x Milyang46)) x Milyang42) x Suweon318,Suweon318, 
1133,(((Suweon261 x IR29) x (Milyang23 x Milyang46)) x Milyang42) x Suweon318,((Suweon261 x IR29) x (Milyang23 x Milyang46)) x Milyang42, 
1134,(((SR4085 x Shimokita) x Kanto PL1) x 6542-B3) x Suweon366,(((SR4085 x Shimokita) x Kanto PL1) x 6542-B3), 
1135,(((SR4085 x Shimokita) x Kanto PL1) x 6542-B3) x Suweon366,Suweon366, 
1136,2067,Pebihun x Kanto98, 
1137,2067,Kanto100, 
1138,YR22517-Acp79(ge),Sangjuchalbyeo, 
1139,YR22517-Acp79,Sangjuchalbyeo, 
1140,Jodam,Unkwang, 
1141,Jodam,HR25425, 
1142,SR11878-14-4-1,Samnambyeo, 
1143,SR11878-14-4-1,Kurota, 
1144,YR6978,Koshihikari, 
1145,YR6978,Seonam,
1146,Jungsan,Sambeagbyeo,
1147,Jungsan,Joryeongbyeo,
1148,YR24263Acp53-1,Samdeog,
1149,YR24263Acp53-1,Nampyeongbyeo,
1150,Yeongdeogbyeo,Nakdongbyeo, 
1151,Yeongdeogbyeo,2067, 

